{
  "experiment": "O_vs_N",
  "model": "TCN_SA",
  "n_folds": 3,
  "cv_results": {
    "accuracy": {
      "mean": 0.9619524249634567,
      "std": 0.009112678475255145,
      "se": 0.005261207370727067,
      "values": [
        0.9714471122647631,
        0.9532770927968851,
        0.961133069828722
      ]
    },
    "sensitivity": {
      "mean": 0.9626442073847402,
      "std": 0.009804647018567654,
      "se": 0.005660715595479297,
      "values": [
        0.9733520336605891,
        0.9541062801932367,
        0.9604743083003953
      ]
    },
    "specificity": {
      "mean": 0.9613042533799897,
      "std": 0.008756485799014543,
      "se": 0.005055559433216182,
      "values": [
        0.9698067632850241,
        0.9523141654978962,
        0.9617918313570487
      ]
    },
    "precision": {
      "mean": 0.9619029247587215,
      "std": 0.0032488226349532082,
      "se": 0.0018757086228395842,
      "values": [
        0.9652294853963839,
        0.9587378640776699,
        0.9617414248021108
      ]
    },
    "f1": {
      "mean": 0.9622658856067092,
      "std": 0.006506449252986529,
      "se": 0.0037565002276804126,
      "values": [
        0.9692737430167597,
        0.9564164648910412,
        0.9611074489123269
      ]
    },
    "auc": {
      "mean": 0.990714672404659,
      "std": 0.004222831825617912,
      "se": 0.0024380530912630205,
      "values": [
        0.9936649253680779,
        0.9858773570204145,
        0.9926017348254845
      ]
    }
  }
}