{
  "experiment": "Z_vs_N",
  "model": "TCN_SA",
  "n_folds": 3,
  "cv_results": {
    "accuracy": {
      "mean": 0.9161111438853164,
      "std": 0.005298923148577835,
      "se": 0.0030593347062465525,
      "values": [
        0.9169370538611291,
        0.9104477611940298,
        0.9209486166007905
      ]
    },
    "sensitivity": {
      "mean": 0.9107283683020008,
      "std": 0.016921243953829365,
      "se": 0.009769484751766712,
      "values": [
        0.9270687237026648,
        0.9118357487922706,
        0.8932806324110671
      ]
    },
    "specificity": {
      "mean": 0.9218883552684395,
      "std": 0.023149437812335343,
      "se": 0.013365334152540313,
      "values": [
        0.9082125603864735,
        0.908835904628331,
        0.9486166007905138
      ]
    },
    "precision": {
      "mean": 0.9210725473468551,
      "std": 0.024365515220655522,
      "se": 0.01406743677158939,
      "values": [
        0.8968792401628223,
        0.9207317073170732,
        0.9456066945606695
      ]
    },
    "f1": {
      "mean": 0.9155618202817447,
      "std": 0.0035398670663743374,
      "se": 0.0020437432036667148,
      "values": [
        0.9117241379310345,
        0.9162621359223301,
        0.9186991869918699
      ]
    },
    "auc": {
      "mean": 0.9705506219602146,
      "std": 0.0058300639431011865,
      "se": 0.003365988986942201,
      "values": [
        0.97287351532275,
        0.9639171765216037,
        0.97486117403629
      ]
    }
  }
}